,train,test
rmse,31365.59806736147,29625.867896138803
mape,10.776609244745922,12.499245658616097
r2,0.8464291383534484,0.8451348970744769
