,train,test
rmse,27676.84090895813,32192.57546062463
mape,9.753027278134685,10.97601605119195
r2,0.8797658974202511,0.832661471999732
