,train,test
rmse,27890.130867681513,30835.226200457935
mape,9.780940506596702,10.831074208121445
r2,0.877905602623171,0.8464751163348438
