,train,test
rmse,28189.07494687815,27265.403894411644
mape,9.949127775111906,10.096403604050563
r2,0.8757005937511391,0.8740929124563748
